Date/Time,Active Energy (kcal),Source
2023-09-12 07:36:00,0.293,Lesley’s Apple Watch
2023-09-12 07:37:00,0.07,Lesley’s Apple Watch
2023-09-12 07:38:00,1.12,Lesley’s Apple Watch
2023-09-12 07:39:00,0.499,Lesley’s Apple Watch
2023-09-12 07:40:00,0.405,Lesley’s Apple Watch
2023-09-12 07:41:00,0.31,Lesley’s Apple Watch
2023-09-12 07:42:00,0.294,Lesley’s Apple Watch
2023-09-12 07:43:00,0.307,Lesley’s Apple Watch
2023-09-12 07:44:00,0.551,Lesley’s Apple Watch
2023-09-12 07:45:00,0.701,Lesley’s Apple Watch
2023-09-12 07:46:00,0.456,Lesley’s Apple Watch
2023-09-12 07:47:00,0.453,Lesley’s Apple Watch
2023-09-12 07:48:00,0.259,Lesley’s Apple Watch
2023-09-12 07:49:00,0.395,Lesley’s Apple Watch
2023-09-12 07:50:00,0.726,Lesley’s Apple Watch
2023-09-12 07:51:00,0.985,Lesley’s Apple Watch
2023-09-12 07:52:00,2.23,Lesley’s Apple Watch
2023-09-12 07:53:00,0.838,Lesley’s Apple Watch
2023-09-12 07:54:00,2.26,Lesley’s Apple Watch
2023-09-12 07:55:00,2.43,Lesley’s Apple Watch
2023-09-12 07:56:00,2.56,Lesley’s Apple Watch
2023-09-12 07:57:00,2.09,Lesley’s Apple Watch
2023-09-12 07:58:00,2.37,Lesley’s Apple Watch
2023-09-12 07:59:00,3.23,Lesley’s Apple Watch
2023-09-12 08:00:00,2.86,Lesley’s Apple Watch
2023-09-12 08:01:00,2.57,Lesley’s Apple Watch
2023-09-12 08:02:00,2.64,Lesley’s Apple Watch
2023-09-12 08:03:00,2.72,Lesley’s Apple Watch
2023-09-12 08:04:00,3.08,Lesley’s Apple Watch
2023-09-12 08:05:00,3.76,Lesley’s Apple Watch
2023-09-12 08:06:00,3.69,Lesley’s Apple Watch
2023-09-12 08:07:00,3.77,Lesley’s Apple Watch
2023-09-12 08:08:00,2.88,Lesley’s Apple Watch
2023-09-12 08:09:00,0.819,Lesley’s Apple Watch
2023-09-12 08:10:00,0.819,Lesley’s Apple Watch
2023-09-12 08:11:00,0.819,Lesley’s Apple Watch
2023-09-12 08:12:00,0.806,Lesley’s Apple Watch
2023-09-12 08:13:00,0.312,Lesley’s Apple Watch
2023-09-12 08:14:00,0.273,Lesley’s Apple Watch
2023-09-12 08:15:00,0.282,Lesley’s Apple Watch
2023-09-12 08:16:00,0.336,Lesley’s Apple Watch
2023-09-12 08:18:00,0.092,Lesley’s Apple Watch
2023-09-12 08:20:00,0.036,Lesley’s Apple Watch
2023-09-12 08:21:00,0.107,Lesley’s Apple Watch
2023-09-12 08:22:00,0.043,Lesley’s Apple Watch
2023-09-12 08:23:00,0.552,Lesley’s Apple Watch
2023-09-12 08:24:00,0.8,Lesley’s Apple Watch
2023-09-12 08:26:00,0.233,Lesley’s Apple Watch
2023-09-12 08:27:00,0.197,Lesley’s Apple Watch
2023-09-12 08:29:00,0.009,Lesley’s Apple Watch
2023-09-12 08:30:00,0.104,Lesley’s Apple Watch
2023-09-12 08:31:00,0.194,Lesley’s Apple Watch
2023-09-12 08:32:00,0.242,Lesley’s Apple Watch
2023-09-12 08:33:00,0.149,Lesley’s Apple Watch
2023-09-12 08:34:00,0.212,Lesley’s Apple Watch
2023-09-12 08:35:00,0.13,Lesley’s Apple Watch
2023-09-12 08:36:00,0.311,Lesley’s Apple Watch
2023-09-12 08:39:00,0.254,Lesley’s Apple Watch
2023-09-12 08:40:00,0.169,Lesley’s Apple Watch
2023-09-12 08:41:00,0.21,Lesley’s Apple Watch
2023-09-12 08:42:00,0.216,Lesley’s Apple Watch
2023-09-12 08:43:00,0.64,Lesley’s Apple Watch
2023-09-12 08:44:00,3.61,Lesley’s Apple Watch
2023-09-12 08:45:00,3.23,Lesley’s Apple Watch
2023-09-12 08:46:00,0.995,Lesley’s Apple Watch
2023-09-12 08:47:00,0.234,Lesley’s Apple Watch
2023-09-12 08:48:00,0.348,Lesley’s Apple Watch
2023-09-12 08:49:00,0.137,Lesley’s Apple Watch
2023-09-12 08:50:00,0.2,Lesley’s Apple Watch
2023-09-12 08:51:00,0.248,Lesley’s Apple Watch
2023-09-12 08:52:00,0.31,Lesley’s Apple Watch
2023-09-12 08:53:00,0.31,Lesley’s Apple Watch
2023-09-12 08:54:00,0.31,Lesley’s Apple Watch
2023-09-12 08:55:00,0.282,Lesley’s Apple Watch
2023-09-12 08:56:00,0.241,Lesley’s Apple Watch
2023-09-12 08:57:00,0.081,Lesley’s Apple Watch
2023-09-12 09:05:00,2.19,Lesley’s Apple Watch
2023-09-12 09:06:00,1.94,Lesley’s Apple Watch
2023-09-12 09:07:00,2.01,Lesley’s Apple Watch
2023-09-12 09:08:00,2.65,Lesley’s Apple Watch
2023-09-12 09:09:00,2.65,Lesley’s Apple Watch
2023-09-12 09:10:00,1.54,Lesley’s Apple Watch
2023-09-12 09:11:00,0.728,Lesley’s Apple Watch
2023-09-12 09:12:00,2.03,Lesley’s Apple Watch
2023-09-12 09:13:00,1.51,Lesley’s Apple Watch
2023-09-12 09:14:00,0.303,Lesley’s Apple Watch
2023-09-12 09:15:00,0.572,Lesley’s Apple Watch
2023-09-12 09:16:00,1.15,Lesley’s Apple Watch
2023-09-12 09:17:00,1.29,Lesley’s Apple Watch
2023-09-12 09:18:00,0.385,Lesley’s Apple Watch
2023-09-12 09:19:00,0.263,Lesley’s Apple Watch
2023-09-12 09:20:00,0.284,Lesley’s Apple Watch
2023-09-12 09:21:00,0.145,Lesley’s Apple Watch
2023-09-12 09:22:00,0.232,Lesley’s Apple Watch
2023-09-12 09:23:00,0.279,Lesley’s Apple Watch
2023-09-12 09:24:00,0.33,Lesley’s Apple Watch
2023-09-12 09:25:00,0.272,Lesley’s Apple Watch
2023-09-12 09:26:00,0.26,Lesley’s Apple Watch
2023-09-12 09:27:00,0.044,Lesley’s Apple Watch
2023-09-12 09:28:00,0.245,Lesley’s Apple Watch
2023-09-12 09:29:00,0.175,Lesley’s Apple Watch
2023-09-12 09:30:00,0.263,Lesley’s Apple Watch
2023-09-12 09:31:00,0.107,Lesley’s Apple Watch
2023-09-12 09:32:00,0.264,Lesley’s Apple Watch
2023-09-12 09:33:00,0.234,Lesley’s Apple Watch
2023-09-12 09:34:00,0.264,Lesley’s Apple Watch
2023-09-12 09:35:00,0.207,Lesley’s Apple Watch
2023-09-12 09:36:00,0.143,Lesley’s Apple Watch
2023-09-12 09:37:00,0.124,Lesley’s Apple Watch
2023-09-12 09:38:00,0.208,Lesley’s Apple Watch
2023-09-12 09:39:00,0.098,Lesley’s Apple Watch
2023-09-12 09:40:00,0.227,Lesley’s Apple Watch
2023-09-12 09:41:00,0.107,Lesley’s Apple Watch
2023-09-12 09:42:00,0.337,Lesley’s Apple Watch
2023-09-12 09:43:00,0.103,Lesley’s Apple Watch
2023-09-12 09:44:00,0.273,Lesley’s Apple Watch
2023-09-12 09:45:00,0.09,Lesley’s Apple Watch
2023-09-12 09:46:00,0.09,Lesley’s Apple Watch
2023-09-12 09:47:00,0.078,Lesley’s Apple Watch
2023-09-12 09:48:00,0.239,Lesley’s Apple Watch
2023-09-12 09:49:00,0.124,Lesley’s Apple Watch
2023-09-12 09:50:00,0.103,Lesley’s Apple Watch
2023-09-12 09:51:00,0.119,Lesley’s Apple Watch
2023-09-12 09:52:00,0.117,Lesley’s Apple Watch
2023-09-12 09:53:00,0.13,Lesley’s Apple Watch
2023-09-12 09:54:00,0.175,Lesley’s Apple Watch
2023-09-12 09:55:00,0.178,Lesley’s Apple Watch
2023-09-12 09:56:00,0.182,Lesley’s Apple Watch
2023-09-12 09:57:00,0.325,Lesley’s Apple Watch
2023-09-12 09:58:00,0.248,Lesley’s Apple Watch
2023-09-12 09:59:00,0.287,Lesley’s Apple Watch
2023-09-12 10:00:00,0.286,Lesley’s Apple Watch
2023-09-12 10:01:00,0.175,Lesley’s Apple Watch
2023-09-12 10:02:00,0.212,Lesley’s Apple Watch
2023-09-12 10:03:00,0.95,Lesley’s Apple Watch
2023-09-12 10:04:00,0.181,Lesley’s Apple Watch
2023-09-12 10:06:00,0.613,Lesley’s Apple Watch
2023-09-12 10:07:00,1,Lesley’s Apple Watch
2023-09-12 10:08:00,0.193,Lesley’s Apple Watch
2023-09-12 10:09:00,0.256,Lesley’s Apple Watch
2023-09-12 10:10:00,0.109,Lesley’s Apple Watch
2023-09-12 10:11:00,0.284,Lesley’s Apple Watch
2023-09-12 10:12:00,0.203,Lesley’s Apple Watch
2023-09-12 10:13:00,0.118,Lesley’s Apple Watch
2023-09-12 10:14:00,0.189,Lesley’s Apple Watch
2023-09-12 10:15:00,0.21,Lesley’s Apple Watch
2023-09-12 10:16:00,0.224,Lesley’s Apple Watch
2023-09-12 10:17:00,0.229,Lesley’s Apple Watch
2023-09-12 10:18:00,0.214,Lesley’s Apple Watch
2023-09-12 10:19:00,0.667,Lesley’s Apple Watch
2023-09-12 10:20:00,0.796,Lesley’s Apple Watch
2023-09-12 10:21:00,0.462,Lesley’s Apple Watch
2023-09-12 10:22:00,0.28,Lesley’s Apple Watch
2023-09-12 10:23:00,0.205,Lesley’s Apple Watch
2023-09-12 10:24:00,0.196,Lesley’s Apple Watch
2023-09-12 10:25:00,0.341,Lesley’s Apple Watch
2023-09-12 10:26:00,0.148,Lesley’s Apple Watch
2023-09-12 10:27:00,0.111,Lesley’s Apple Watch
2023-09-12 10:28:00,0.036,Lesley’s Apple Watch
2023-09-12 10:29:00,0.016,Lesley’s Apple Watch
2023-09-12 10:30:00,0.167,Lesley’s Apple Watch
2023-09-12 10:31:00,0.265,Lesley’s Apple Watch
2023-09-12 10:32:00,0.126,Lesley’s Apple Watch
2023-09-12 10:33:00,0.102,Lesley’s Apple Watch
2023-09-12 10:34:00,0.069,Lesley’s Apple Watch
2023-09-12 10:35:00,0.23,Lesley’s Apple Watch
2023-09-12 10:36:00,0.277,Lesley’s Apple Watch
2023-09-12 10:37:00,0.255,Lesley’s Apple Watch
2023-09-12 10:38:00,0.082,Lesley’s Apple Watch
2023-09-12 10:39:00,0.166,Lesley’s Apple Watch
2023-09-12 10:40:00,0.186,Lesley’s Apple Watch
2023-09-12 10:41:00,0.185,Lesley’s Apple Watch
2023-09-12 10:42:00,0.368,Lesley’s Apple Watch
2023-09-12 10:43:00,0.289,Lesley’s Apple Watch
2023-09-12 10:44:00,0.243,Lesley’s Apple Watch
2023-09-12 10:45:00,0.141,Lesley’s Apple Watch
2023-09-12 10:46:00,0.107,Lesley’s Apple Watch
2023-09-12 10:47:00,0.318,Lesley’s Apple Watch
2023-09-12 10:48:00,0.118,Lesley’s Apple Watch
2023-09-12 10:49:00,0.202,Lesley’s Apple Watch
2023-09-12 10:50:00,0.03,Lesley’s Apple Watch
2023-09-12 10:51:00,0.319,Lesley’s Apple Watch
2023-09-12 10:52:00,0.21,Lesley’s Apple Watch
2023-09-12 10:53:00,0.274,Lesley’s Apple Watch
2023-09-12 10:54:00,0.143,Lesley’s Apple Watch
2023-09-12 10:55:00,0.235,Lesley’s Apple Watch
2023-09-12 10:56:00,0.305,Lesley’s Apple Watch
2023-09-12 10:57:00,0.184,Lesley’s Apple Watch
2023-09-12 10:58:00,0.146,Lesley’s Apple Watch
2023-09-12 10:59:00,0.331,Lesley’s Apple Watch
2023-09-12 11:00:00,0.263,Lesley’s Apple Watch
2023-09-12 11:01:00,0.154,Lesley’s Apple Watch
2023-09-12 11:02:00,0.168,Lesley’s Apple Watch
2023-09-12 11:03:00,0.291,Lesley’s Apple Watch
2023-09-12 11:04:00,0.18,Lesley’s Apple Watch
2023-09-12 11:05:00,0.016,Lesley’s Apple Watch
2023-09-12 11:06:00,0.083,Lesley’s Apple Watch
2023-09-12 11:07:00,0.001,Lesley’s Apple Watch
2023-09-12 11:08:00,0.179,Lesley’s Apple Watch
2023-09-12 11:09:00,0.308,Lesley’s Apple Watch
2023-09-12 11:10:00,0.311,Lesley’s Apple Watch
2023-09-12 11:11:00,0.301,Lesley’s Apple Watch
2023-09-12 11:12:00,0.33,Lesley’s Apple Watch
2023-09-12 11:13:00,0.136,Lesley’s Apple Watch
2023-09-12 11:14:00,0.156,Lesley’s Apple Watch
2023-09-12 11:15:00,0.208,Lesley’s Apple Watch
2023-09-12 11:16:00,0.301,Lesley’s Apple Watch
2023-09-12 11:17:00,0.016,Lesley’s Apple Watch
2023-09-12 11:18:00,0.019,Lesley’s Apple Watch
2023-09-12 11:19:00,0.269,Lesley’s Apple Watch
2023-09-12 11:20:00,0.13,Lesley’s Apple Watch
2023-09-12 11:21:00,0.236,Lesley’s Apple Watch
2023-09-12 11:22:00,0.213,Lesley’s Apple Watch
2023-09-12 11:23:00,0.225,Lesley’s Apple Watch
2023-09-12 11:24:00,0.122,Lesley’s Apple Watch
2023-09-12 11:26:00,0.123,Lesley’s Apple Watch
2023-09-12 11:27:00,0.047,Lesley’s Apple Watch
2023-09-12 11:28:00,0.274,Lesley’s Apple Watch
2023-09-12 11:29:00,0.132,Lesley’s Apple Watch
2023-09-12 11:32:00,0.171,Lesley’s Apple Watch
2023-09-12 11:33:00,0.087,Lesley’s Apple Watch
2023-09-12 11:34:00,0.204,Lesley’s Apple Watch
2023-09-12 11:35:00,0.049,Lesley’s Apple Watch
2023-09-12 11:37:00,0.03,Lesley’s Apple Watch
2023-09-12 11:38:00,0.301,Lesley’s Apple Watch
2023-09-12 11:39:00,0.033,Lesley’s Apple Watch
2023-09-12 11:41:00,0.09,Lesley’s Apple Watch
2023-09-12 11:42:00,0.138,Lesley’s Apple Watch
2023-09-12 11:43:00,0.275,Lesley’s Apple Watch
2023-09-12 11:44:00,0.278,Lesley’s Apple Watch
2023-09-12 11:45:00,0.273,Lesley’s Apple Watch
2023-09-12 11:46:00,0.294,Lesley’s Apple Watch
2023-09-12 11:47:00,0.248,Lesley’s Apple Watch
2023-09-12 11:48:00,0.294,Lesley’s Apple Watch
2023-09-12 11:49:00,0.248,Lesley’s Apple Watch
2023-09-12 11:50:00,0.187,Lesley’s Apple Watch
2023-09-12 11:51:00,0.202,Lesley’s Apple Watch
2023-09-12 11:52:00,0.329,Lesley’s Apple Watch
2023-09-12 11:53:00,0.196,Lesley’s Apple Watch
2023-09-12 11:54:00,0.214,Lesley’s Apple Watch
2023-09-12 11:55:00,0.056,Lesley’s Apple Watch
2023-09-12 11:56:00,0.23,Lesley’s Apple Watch
2023-09-12 11:57:00,1.06,Lesley’s Apple Watch
2023-09-12 11:58:00,0.089,Lesley’s Apple Watch
2023-09-12 11:59:00,0.065,Lesley’s Apple Watch
2023-09-12 12:00:00,1.21,Lesley’s Apple Watch
2023-09-12 12:01:00,0.253,Lesley’s Apple Watch
2023-09-12 12:02:00,0.174,Lesley’s Apple Watch
2023-09-12 12:03:00,0.126,Lesley’s Apple Watch
2023-09-12 12:04:00,0.083,Lesley’s Apple Watch
2023-09-12 12:05:00,0.29,Lesley’s Apple Watch
2023-09-12 12:06:00,0.24,Lesley’s Apple Watch
2023-09-12 12:07:00,0.303,Lesley’s Apple Watch
2023-09-12 12:08:00,0.103,Lesley’s Apple Watch
2023-09-12 12:09:00,0.242,Lesley’s Apple Watch
2023-09-12 12:10:00,0.225,Lesley’s Apple Watch
2023-09-12 12:11:00,0.164,Lesley’s Apple Watch
2023-09-12 12:12:00,0.115,Lesley’s Apple Watch
2023-09-12 12:13:00,0.061,Lesley’s Apple Watch
2023-09-12 12:14:00,0.142,Lesley’s Apple Watch
2023-09-12 12:15:00,0.169,Lesley’s Apple Watch
2023-09-12 12:16:00,0.262,Lesley’s Apple Watch
2023-09-12 12:17:00,0.247,Lesley’s Apple Watch
2023-09-12 12:18:00,0.138,Lesley’s Apple Watch
2023-09-12 12:19:00,0.288,Lesley’s Apple Watch
2023-09-12 12:20:00,0.054,Lesley’s Apple Watch
2023-09-12 12:21:00,0.295,Lesley’s Apple Watch
2023-09-12 12:24:00,0.195,Lesley’s Apple Watch
2023-09-12 12:25:00,0.096,Lesley’s Apple Watch
2023-09-12 12:26:00,0.18,Lesley’s Apple Watch
2023-09-12 12:28:00,0.149,Lesley’s Apple Watch
2023-09-12 12:29:00,0.143,Lesley’s Apple Watch
2023-09-12 12:30:00,0.11,Lesley’s Apple Watch
2023-09-12 12:31:00,0.263,Lesley’s Apple Watch
2023-09-12 12:32:00,0.173,Lesley’s Apple Watch
2023-09-12 12:33:00,0.316,Lesley’s Apple Watch
2023-09-12 12:34:00,0.226,Lesley’s Apple Watch
2023-09-12 12:35:00,0.183,Lesley’s Apple Watch
2023-09-12 12:36:00,0.255,Lesley’s Apple Watch
2023-09-12 12:37:00,0.293,Lesley’s Apple Watch
2023-09-12 12:38:00,0.258,Lesley’s Apple Watch
2023-09-12 12:39:00,0.257,Lesley’s Apple Watch
2023-09-12 12:40:00,0.09,Lesley’s Apple Watch
2023-09-12 12:41:00,0.115,Lesley’s Apple Watch
2023-09-12 12:42:00,0.117,Lesley’s Apple Watch
2023-09-12 12:43:00,0.766,Lesley’s Apple Watch
2023-09-12 12:44:00,0.149,Lesley’s Apple Watch
2023-09-12 12:45:00,0.395,Lesley’s Apple Watch
2023-09-12 12:46:00,0.233,Lesley’s Apple Watch
2023-09-12 12:47:00,0.557,Lesley’s Apple Watch
2023-09-12 12:48:00,0.658,Lesley’s Apple Watch
2023-09-12 12:49:00,1.42,Lesley’s Apple Watch
2023-09-12 12:50:00,0.128,Lesley’s Apple Watch
2023-09-12 12:51:00,0.306,Lesley’s Apple Watch
2023-09-12 12:52:00,0.092,Lesley’s Apple Watch
2023-09-12 12:53:00,0.195,Lesley’s Apple Watch
2023-09-12 12:54:00,0.271,Lesley’s Apple Watch
2023-09-12 12:55:00,0.063,Lesley’s Apple Watch
2023-09-12 12:56:00,0.238,Lesley’s Apple Watch
2023-09-12 12:57:00,0.242,Lesley’s Apple Watch
2023-09-12 12:58:00,0.282,Lesley’s Apple Watch
2023-09-12 12:59:00,0.22,Lesley’s Apple Watch
2023-09-12 13:00:00,0.303,Lesley’s Apple Watch
2023-09-12 13:01:00,0.177,Lesley’s Apple Watch
2023-09-12 13:03:00,0.246,Lesley’s Apple Watch
2023-09-12 13:04:00,0.282,Lesley’s Apple Watch
2023-09-12 13:05:00,0.315,Lesley’s Apple Watch
2023-09-12 13:06:00,0.073,Lesley’s Apple Watch
2023-09-12 13:07:00,0.222,Lesley’s Apple Watch
2023-09-12 13:08:00,0.218,Lesley’s Apple Watch
2023-09-12 13:09:00,0.139,Lesley’s Apple Watch
2023-09-12 13:10:00,0.346,Lesley’s Apple Watch
2023-09-12 13:11:00,0.377,Lesley’s Apple Watch
2023-09-12 13:12:00,0.187,Lesley’s Apple Watch
2023-09-12 13:13:00,0.211,Lesley’s Apple Watch
2023-09-12 13:14:00,0.187,Lesley’s Apple Watch
2023-09-12 13:15:00,0.025,Lesley’s Apple Watch
2023-09-12 13:17:00,0.074,Lesley’s Apple Watch
2023-09-12 13:18:00,0.072,Lesley’s Apple Watch
2023-09-12 13:19:00,0.121,Lesley’s Apple Watch
2023-09-12 13:22:00,0.099,Lesley’s Apple Watch
2023-09-12 13:23:00,0.26,Lesley’s Apple Watch
2023-09-12 13:24:00,0.771,Lesley’s Apple Watch
2023-09-12 13:25:00,0.345,Lesley’s Apple Watch
2023-09-12 13:26:00,0.121,Lesley’s Apple Watch
2023-09-12 13:27:00,0.089,Lesley’s Apple Watch
2023-09-12 13:28:00,0.118,Lesley’s Apple Watch
2023-09-12 13:29:00,0.166,Lesley’s Apple Watch
2023-09-12 13:30:00,0.189,Lesley’s Apple Watch
2023-09-12 13:31:00,0.066,Lesley’s Apple Watch
2023-09-12 13:32:00,0.008,Lesley’s Apple Watch
2023-09-12 13:33:00,0.234,Lesley’s Apple Watch
2023-09-12 13:34:00,0.205,Lesley’s Apple Watch
2023-09-12 13:36:00,0.29,Lesley’s Apple Watch
2023-09-12 13:37:00,0.101,Lesley’s Apple Watch
2023-09-12 13:38:00,0.307,Lesley’s Apple Watch
2023-09-12 13:39:00,0.082,Lesley’s Apple Watch
2023-09-12 13:42:00,0.184,Lesley’s Apple Watch
2023-09-12 13:43:00,0.051,Lesley’s Apple Watch
2023-09-12 13:44:00,0.143,Lesley’s Apple Watch
2023-09-12 13:45:00,0.269,Lesley’s Apple Watch
2023-09-12 13:46:00,0.122,Lesley’s Apple Watch
2023-09-12 13:47:00,1.13,Lesley’s Apple Watch
2023-09-12 13:48:00,0.031,Lesley’s Apple Watch
2023-09-12 13:49:00,0.021,Lesley’s Apple Watch
2023-09-12 13:50:00,1.24,Lesley’s Apple Watch
2023-09-12 13:51:00,0.31,Lesley’s Apple Watch
2023-09-12 13:52:00,0.23,Lesley’s Apple Watch
2023-09-12 13:53:00,0.438,Lesley’s Apple Watch
2023-09-12 13:54:00,0.246,Lesley’s Apple Watch
2023-09-12 13:55:00,0.172,Lesley’s Apple Watch
2023-09-12 13:56:00,0.374,Lesley’s Apple Watch
2023-09-12 13:57:00,0.296,Lesley’s Apple Watch
2023-09-12 13:58:00,0.266,Lesley’s Apple Watch
2023-09-12 13:59:00,0.271,Lesley’s Apple Watch
2023-09-12 14:00:00,0.101,Lesley’s Apple Watch
2023-09-12 14:01:00,0.361,Lesley’s Apple Watch
2023-09-12 14:02:00,0.254,Lesley’s Apple Watch
2023-09-12 14:03:00,0.245,Lesley’s Apple Watch
2023-09-12 14:04:00,0.192,Lesley’s Apple Watch
2023-09-12 14:05:00,0.213,Lesley’s Apple Watch
2023-09-12 14:06:00,0.19,Lesley’s Apple Watch
2023-09-12 14:07:00,0.324,Lesley’s Apple Watch
2023-09-12 14:08:00,0.362,Lesley’s Apple Watch
2023-09-12 14:09:00,0.286,Lesley’s Apple Watch
2023-09-12 14:10:00,0.15,Lesley’s Apple Watch
2023-09-12 14:11:00,0.299,Lesley’s Apple Watch
2023-09-12 14:12:00,0.279,Lesley’s Apple Watch
2023-09-12 14:13:00,0.271,Lesley’s Apple Watch
2023-09-12 14:14:00,0.317,Lesley’s Apple Watch
2023-09-12 14:15:00,0.227,Lesley’s Apple Watch
2023-09-12 14:16:00,0.269,Lesley’s Apple Watch
2023-09-12 14:17:00,0.185,Lesley’s Apple Watch
2023-09-12 14:18:00,0.153,Lesley’s Apple Watch
2023-09-12 14:19:00,0.113,Lesley’s Apple Watch
2023-09-12 14:20:00,0.263,Lesley’s Apple Watch
2023-09-12 14:21:00,0.126,Lesley’s Apple Watch
2023-09-12 14:22:00,0.257,Lesley’s Apple Watch
2023-09-12 14:23:00,0.235,Lesley’s Apple Watch
2023-09-12 14:24:00,0.149,Lesley’s Apple Watch
2023-09-12 14:25:00,0.244,Lesley’s Apple Watch
2023-09-12 14:26:00,0.195,Lesley’s Apple Watch
2023-09-12 14:27:00,0.213,Lesley’s Apple Watch
2023-09-12 14:28:00,0.042,Lesley’s Apple Watch
2023-09-12 14:30:00,0.127,Lesley’s Apple Watch
2023-09-12 14:31:00,0.317,Lesley’s Apple Watch
2023-09-12 14:32:00,0.4,Lesley’s Apple Watch
2023-09-12 14:33:00,0.183,Lesley’s Apple Watch
2023-09-12 14:34:00,0.239,Lesley’s Apple Watch
2023-09-12 14:35:00,0.086,Lesley’s Apple Watch
2023-09-12 14:36:00,0.275,Lesley’s Apple Watch
2023-09-12 14:37:00,0.326,Lesley’s Apple Watch
2023-09-12 14:38:00,0.274,Lesley’s Apple Watch
2023-09-12 14:39:00,0.416,Lesley’s Apple Watch
2023-09-12 14:40:00,0.141,Lesley’s Apple Watch
2023-09-12 14:41:00,0.177,Lesley’s Apple Watch
2023-09-12 14:42:00,0.175,Lesley’s Apple Watch
2023-09-12 14:44:00,0.265,Lesley’s Apple Watch
2023-09-12 14:45:00,0.166,Lesley’s Apple Watch
2023-09-12 14:46:00,0.35,Lesley’s Apple Watch
2023-09-12 14:47:00,0.122,Lesley’s Apple Watch
2023-09-12 14:48:00,0.269,Lesley’s Apple Watch
2023-09-12 14:49:00,0.012,Lesley’s Apple Watch
2023-09-12 14:50:00,0.146,Lesley’s Apple Watch
2023-09-12 14:51:00,0.327,Lesley’s Apple Watch
2023-09-12 14:52:00,0.344,Lesley’s Apple Watch
2023-09-12 14:53:00,0.564,Lesley’s Apple Watch
2023-09-12 14:54:00,0.833,Lesley’s Apple Watch
2023-09-12 14:55:00,0.311,Lesley’s Apple Watch
2023-09-12 14:57:00,0.007,Lesley’s Apple Watch
2023-09-12 14:58:00,1.01,Lesley’s Apple Watch
2023-09-12 14:59:00,0.145,Lesley’s Apple Watch
2023-09-12 15:00:00,0.276,Lesley’s Apple Watch
2023-09-12 15:01:00,0.106,Lesley’s Apple Watch
2023-09-12 15:02:00,0.107,Lesley’s Apple Watch
2023-09-12 15:03:00,0.138,Lesley’s Apple Watch
2023-09-12 15:04:00,0.123,Lesley’s Apple Watch
2023-09-12 15:05:00,0.263,Lesley’s Apple Watch
2023-09-12 15:06:00,0.066,Lesley’s Apple Watch
2023-09-12 15:07:00,0.133,Lesley’s Apple Watch
2023-09-12 15:08:00,0.27,Lesley’s Apple Watch
2023-09-12 15:09:00,0.038,Lesley’s Apple Watch
2023-09-12 15:10:00,0.212,Lesley’s Apple Watch
2023-09-12 15:11:00,0.077,Lesley’s Apple Watch
2023-09-12 15:12:00,0.208,Lesley’s Apple Watch
2023-09-12 15:13:00,0.033,Lesley’s Apple Watch
2023-09-12 15:14:00,0.274,Lesley’s Apple Watch
2023-09-12 15:15:00,0.193,Lesley’s Apple Watch
2023-09-12 15:16:00,0.069,Lesley’s Apple Watch
2023-09-12 15:17:00,0.252,Lesley’s Apple Watch
2023-09-12 15:20:00,0.147,Lesley’s Apple Watch
2023-09-12 15:21:00,0.276,Lesley’s Apple Watch
2023-09-12 15:22:00,0.184,Lesley’s Apple Watch
2023-09-12 15:23:00,0.097,Lesley’s Apple Watch
2023-09-12 15:24:00,0.161,Lesley’s Apple Watch
2023-09-12 15:25:00,0.163,Lesley’s Apple Watch
2023-09-12 15:26:00,0.229,Lesley’s Apple Watch
2023-09-12 15:27:00,0.205,Lesley’s Apple Watch
2023-09-12 15:28:00,0.177,Lesley’s Apple Watch
2023-09-12 15:29:00,0.223,Lesley’s Apple Watch
2023-09-12 15:30:00,0.235,Lesley’s Apple Watch
2023-09-12 15:31:00,0.115,Lesley’s Apple Watch
2023-09-12 15:32:00,0.194,Lesley’s Apple Watch
2023-09-12 15:33:00,0.15,Lesley’s Apple Watch
2023-09-12 15:34:00,0.118,Lesley’s Apple Watch
2023-09-12 15:35:00,0.099,Lesley’s Apple Watch
2023-09-12 15:36:00,0.014,Lesley’s Apple Watch
2023-09-12 15:37:00,0.129,Lesley’s Apple Watch
2023-09-12 15:38:00,0.177,Lesley’s Apple Watch
2023-09-12 15:39:00,0.21,Lesley’s Apple Watch
2023-09-12 15:40:00,0.119,Lesley’s Apple Watch
2023-09-12 15:41:00,0.261,Lesley’s Apple Watch
2023-09-12 15:42:00,0.228,Lesley’s Apple Watch
2023-09-12 15:43:00,0.246,Lesley’s Apple Watch
2023-09-12 15:44:00,0.257,Lesley’s Apple Watch
2023-09-12 15:45:00,0.179,Lesley’s Apple Watch
2023-09-12 15:46:00,0.136,Lesley’s Apple Watch
2023-09-12 15:47:00,0.232,Lesley’s Apple Watch
2023-09-12 15:48:00,0.234,Lesley’s Apple Watch
2023-09-12 15:49:00,0.065,Lesley’s Apple Watch
2023-09-12 15:51:00,0.065,Lesley’s Apple Watch
2023-09-12 15:53:00,0.043,Lesley’s Apple Watch
2023-09-12 15:54:00,0.155,Lesley’s Apple Watch
2023-09-12 15:55:00,0.156,Lesley’s Apple Watch
2023-09-12 15:56:00,0.077,Lesley’s Apple Watch
2023-09-12 15:57:00,0.165,Lesley’s Apple Watch
2023-09-12 15:58:00,1.21,Lesley’s Apple Watch
2023-09-12 16:01:00,0.939,Lesley’s Apple Watch
2023-09-12 16:02:00,0.401,Lesley’s Apple Watch
2023-09-12 16:03:00,0.175,Lesley’s Apple Watch
2023-09-12 16:04:00,0.274,Lesley’s Apple Watch
2023-09-12 16:05:00,0.141,Lesley’s Apple Watch
2023-09-12 16:06:00,0.246,Lesley’s Apple Watch
2023-09-12 16:07:00,0.121,Lesley’s Apple Watch
2023-09-12 16:08:00,0.097,Lesley’s Apple Watch
2023-09-12 16:09:00,0.012,Lesley’s Apple Watch
2023-09-12 16:11:00,0.219,Lesley’s Apple Watch
2023-09-12 16:14:00,0.151,Lesley’s Apple Watch
2023-09-12 16:15:00,0.128,Lesley’s Apple Watch
2023-09-12 16:16:00,0.106,Lesley’s Apple Watch
2023-09-12 16:17:00,0.076,Lesley’s Apple Watch
2023-09-12 16:18:00,0.191,Lesley’s Apple Watch
2023-09-12 16:20:00,0.101,Lesley’s Apple Watch
2023-09-12 16:21:00,0.059,Lesley’s Apple Watch
2023-09-12 16:22:00,0.099,Lesley’s Apple Watch
2023-09-12 16:23:00,0.054,Lesley’s Apple Watch
2023-09-12 16:24:00,0.242,Lesley’s Apple Watch
2023-09-12 16:25:00,0.275,Lesley’s Apple Watch
2023-09-12 16:26:00,0.315,Lesley’s Apple Watch
2023-09-12 16:27:00,0.325,Lesley’s Apple Watch
2023-09-12 16:28:00,0.278,Lesley’s Apple Watch
2023-09-12 16:29:00,0.252,Lesley’s Apple Watch
2023-09-12 16:30:00,0.307,Lesley’s Apple Watch
2023-09-12 16:31:00,0.038,Lesley’s Apple Watch
2023-09-12 16:33:00,0.162,Lesley’s Apple Watch
2023-09-12 16:34:00,0.325,Lesley’s Apple Watch
2023-09-12 16:35:00,0.15,Lesley’s Apple Watch
2023-09-12 16:36:00,0.075,Lesley’s Apple Watch
2023-09-12 16:37:00,0.263,Lesley’s Apple Watch
2023-09-12 16:38:00,0.292,Lesley’s Apple Watch
2023-09-12 16:39:00,0.098,Lesley’s Apple Watch
2023-09-12 16:40:00,0.284,Lesley’s Apple Watch
2023-09-12 16:41:00,0.272,Lesley’s Apple Watch
2023-09-12 16:42:00,0.073,Lesley’s Apple Watch
2023-09-12 16:43:00,0.023,Lesley’s Apple Watch
2023-09-12 16:44:00,0.037,Lesley’s Apple Watch
2023-09-12 16:45:00,0.083,Lesley’s Apple Watch
2023-09-12 16:46:00,0.16,Lesley’s Apple Watch
2023-09-12 16:47:00,0.024,Lesley’s Apple Watch
2023-09-12 16:48:00,0.195,Lesley’s Apple Watch
2023-09-12 16:49:00,0.284,Lesley’s Apple Watch
2023-09-12 16:50:00,0.142,Lesley’s Apple Watch
2023-09-12 16:51:00,0.204,Lesley’s Apple Watch
2023-09-12 16:52:00,0.262,Lesley’s Apple Watch
2023-09-12 16:53:00,0.128,Lesley’s Apple Watch
2023-09-12 16:54:00,0.137,Lesley’s Apple Watch
2023-09-12 16:55:00,0.069,Lesley’s Apple Watch
2023-09-12 16:56:00,0.06,Lesley’s Apple Watch
2023-09-12 16:57:00,0.012,Lesley’s Apple Watch
2023-09-12 16:58:00,0.148,Lesley’s Apple Watch
2023-09-12 16:59:00,0.001,Lesley’s Apple Watch
2023-09-12 17:00:00,0.243,Lesley’s Apple Watch
2023-09-12 17:01:00,0.976,Lesley’s Apple Watch
2023-09-12 17:02:00,1.22,Lesley’s Apple Watch
2023-09-12 17:04:00,1,Lesley’s Apple Watch
2023-09-12 17:05:00,0.867,Lesley’s Apple Watch
2023-09-12 17:06:00,1.13,Lesley’s Apple Watch
2023-09-12 17:07:00,1.26,Lesley’s Apple Watch
2023-09-12 17:08:00,0.461,Lesley’s Apple Watch
2023-09-12 17:09:00,1.74,Lesley’s Apple Watch
2023-09-12 17:10:00,2.51,Lesley’s Apple Watch
2023-09-12 17:11:00,2.73,Lesley’s Apple Watch
2023-09-12 17:12:00,2.63,Lesley’s Apple Watch
2023-09-12 17:13:00,1.94,Lesley’s Apple Watch
2023-09-12 17:14:00,2.88,Lesley’s Apple Watch
2023-09-12 17:15:00,2.38,Lesley’s Apple Watch
2023-09-12 17:16:00,1.69,Lesley’s Apple Watch
2023-09-12 17:17:00,0.262,Lesley’s Apple Watch
2023-09-12 17:19:00,0.051,Lesley’s Apple Watch
2023-09-12 17:25:00,2.38,Lesley’s Apple Watch
2023-09-12 17:26:00,2.73,Lesley’s Apple Watch
2023-09-12 17:27:00,1.87,Lesley’s Apple Watch
2023-09-12 17:28:00,0.753,Lesley’s Apple Watch
2023-09-12 17:29:00,0.019,Lesley’s Apple Watch
2023-09-12 17:30:00,0.216,Lesley’s Apple Watch
2023-09-12 17:32:00,0.103,Lesley’s Apple Watch
2023-09-12 17:33:00,0.17,Lesley’s Apple Watch
2023-09-12 17:36:00,0.199,Lesley’s Apple Watch
2023-09-12 17:42:00,0.15,Lesley’s Apple Watch
2023-09-12 17:43:00,0.121,Lesley’s Apple Watch
2023-09-12 17:45:00,1.04,Lesley’s Apple Watch
2023-09-12 17:46:00,0.401,Lesley’s Apple Watch
2023-09-12 17:47:00,0.354,Lesley’s Apple Watch
2023-09-12 17:48:00,0.039,Lesley’s Apple Watch
2023-09-12 17:49:00,0.121,Lesley’s Apple Watch
2023-09-12 17:50:00,0.129,Lesley’s Apple Watch
2023-09-12 17:51:00,0.191,Lesley’s Apple Watch
2023-09-12 17:52:00,0.052,Lesley’s Apple Watch
2023-09-12 17:53:00,0.148,Lesley’s Apple Watch
2023-09-12 17:54:00,0.294,Lesley’s Apple Watch
2023-09-12 17:55:00,0.265,Lesley’s Apple Watch
2023-09-12 17:56:00,0.275,Lesley’s Apple Watch
2023-09-12 17:57:00,0.377,Lesley’s Apple Watch
2023-09-12 17:58:00,0.268,Lesley’s Apple Watch
2023-09-12 17:59:00,0.333,Lesley’s Apple Watch
2023-09-12 18:00:00,0.21,Lesley’s Apple Watch
2023-09-12 18:01:00,2.5,Lesley’s Apple Watch
2023-09-12 18:02:00,4.63,Lesley’s Apple Watch
2023-09-12 18:03:00,5.65,Lesley’s Apple Watch
2023-09-12 18:04:00,4.51,Lesley’s Apple Watch
2023-09-12 18:05:00,3.67,Lesley’s Apple Watch
2023-09-12 18:06:00,3,Lesley’s Apple Watch
2023-09-12 18:07:00,4.97,Lesley’s Apple Watch
2023-09-12 18:08:00,6.97,Lesley’s Apple Watch
2023-09-12 18:09:00,3.73,Lesley’s Apple Watch
2023-09-12 18:10:00,5.43,Lesley’s Apple Watch
2023-09-12 18:11:00,5.25,Lesley’s Apple Watch
2023-09-12 18:12:00,2.75,Lesley’s Apple Watch
2023-09-12 18:13:00,4.85,Lesley’s Apple Watch
2023-09-12 18:14:00,6.27,Lesley’s Apple Watch
2023-09-12 18:15:00,2.84,Lesley’s Apple Watch
2023-09-12 18:16:00,4.31,Lesley’s Apple Watch
2023-09-12 18:17:00,4.02,Lesley’s Apple Watch
2023-09-12 18:18:00,9.92,Lesley’s Apple Watch
2023-09-12 18:19:00,7.52,Lesley’s Apple Watch
2023-09-12 18:20:00,8.3,Lesley’s Apple Watch
2023-09-12 18:21:00,1.2,Lesley’s Apple Watch
2023-09-12 18:22:00,2.01,Lesley’s Apple Watch
2023-09-12 18:23:00,3.18,Lesley’s Apple Watch
2023-09-12 18:24:00,3.27,Lesley’s Apple Watch
2023-09-12 18:25:00,3.47,Lesley’s Apple Watch
2023-09-12 18:26:00,8.83,Lesley’s Apple Watch
2023-09-12 18:27:00,9.82,Lesley’s Apple Watch
2023-09-12 18:28:00,4.09,Lesley’s Apple Watch
2023-09-12 18:29:00,3.82,Lesley’s Apple Watch
2023-09-12 18:30:00,4.19,Lesley’s Apple Watch
2023-09-12 18:31:00,2.9,Lesley’s Apple Watch
2023-09-12 18:32:00,7.41,Lesley’s Apple Watch
2023-09-12 18:33:00,9.5,Lesley’s Apple Watch
2023-09-12 18:34:00,7.58,Lesley’s Apple Watch
2023-09-12 18:35:00,5.17,Lesley’s Apple Watch
2023-09-12 18:36:00,3.29,Lesley’s Apple Watch
2023-09-12 18:37:00,3.72,Lesley’s Apple Watch
2023-09-12 18:38:00,3.63,Lesley’s Apple Watch
2023-09-12 18:39:00,4.27,Lesley’s Apple Watch
2023-09-12 18:40:00,7.59,Lesley’s Apple Watch
2023-09-12 18:41:00,7.65,Lesley’s Apple Watch
2023-09-12 18:42:00,0.5,Lesley’s Apple Watch
2023-09-12 18:43:00,1.32,Lesley’s Apple Watch
2023-09-12 18:44:00,3.08,Lesley’s Apple Watch
2023-09-12 18:45:00,1.95,Lesley’s Apple Watch
2023-09-12 18:46:00,0.462,Lesley’s Apple Watch
2023-09-12 18:47:00,0.321,Lesley’s Apple Watch
2023-09-12 18:48:00,0.425,Lesley’s Apple Watch
2023-09-12 18:49:00,0.465,Lesley’s Apple Watch
2023-09-12 18:50:00,0.254,Lesley’s Apple Watch
2023-09-12 18:51:00,0.429,Lesley’s Apple Watch
2023-09-12 18:52:00,0.11,Lesley’s Apple Watch
2023-09-12 18:53:00,0.288,Lesley’s Apple Watch
2023-09-12 18:54:00,0.355,Lesley’s Apple Watch
2023-09-12 18:55:00,0.299,Lesley’s Apple Watch
2023-09-12 18:56:00,0.246,Lesley’s Apple Watch
2023-09-12 18:57:00,0.329,Lesley’s Apple Watch
2023-09-12 18:58:00,0.263,Lesley’s Apple Watch
2023-09-12 18:59:00,0.238,Lesley’s Apple Watch
2023-09-12 19:00:00,0.297,Lesley’s Apple Watch
2023-09-12 19:01:00,0.601,Lesley’s Apple Watch
2023-09-12 19:02:00,0.401,Lesley’s Apple Watch
2023-09-12 19:03:00,0.783,Lesley’s Apple Watch
2023-09-12 19:04:00,0.587,Lesley’s Apple Watch
2023-09-12 19:05:00,0.265,Lesley’s Apple Watch
2023-09-12 19:06:00,0.662,Lesley’s Apple Watch
2023-09-12 19:07:00,0.352,Lesley’s Apple Watch
2023-09-12 19:19:00,0.648,Lesley’s Apple Watch
2023-09-12 19:20:00,0.449,Lesley’s Apple Watch
2023-09-12 19:21:00,0.807,Lesley’s Apple Watch
2023-09-12 19:22:00,0.023,Lesley’s Apple Watch
2023-09-12 19:23:00,0.167,Lesley’s Apple Watch
2023-09-12 19:24:00,0.278,Lesley’s Apple Watch
2023-09-12 19:25:00,0.214,Lesley’s Apple Watch
2023-09-12 19:26:00,0.082,Lesley’s Apple Watch
2023-09-12 19:27:00,0.236,Lesley’s Apple Watch
2023-09-12 19:29:00,0.083,Lesley’s Apple Watch
2023-09-12 19:30:00,0.124,Lesley’s Apple Watch
2023-09-12 19:31:00,0.206,Lesley’s Apple Watch
2023-09-12 19:32:00,0.079,Lesley’s Apple Watch
2023-09-12 19:33:00,0.137,Lesley’s Apple Watch
2023-09-12 19:34:00,0.191,Lesley’s Apple Watch
2023-09-12 19:35:00,0.219,Lesley’s Apple Watch
2023-09-12 19:36:00,0.113,Lesley’s Apple Watch
2023-09-12 19:37:00,0.206,Lesley’s Apple Watch
2023-09-12 19:38:00,0.221,Lesley’s Apple Watch
2023-09-12 19:39:00,0.101,Lesley’s Apple Watch
2023-09-12 19:40:00,0.304,Lesley’s Apple Watch
2023-09-12 19:41:00,0.293,Lesley’s Apple Watch
2023-09-12 19:42:00,0.141,Lesley’s Apple Watch
2023-09-12 19:43:00,0.028,Lesley’s Apple Watch
2023-09-12 19:44:00,0.287,Lesley’s Apple Watch
2023-09-12 19:45:00,0.284,Lesley’s Apple Watch
2023-09-12 19:46:00,0.354,Lesley’s Apple Watch
2023-09-12 19:47:00,0.058,Lesley’s Apple Watch
2023-09-12 19:48:00,0.51,Lesley’s Apple Watch
2023-09-12 19:49:00,0.475,Lesley’s Apple Watch
2023-09-12 19:50:00,0.243,Lesley’s Apple Watch
2023-09-12 19:51:00,0.129,Lesley’s Apple Watch
2023-09-12 19:53:00,0.16,Lesley’s Apple Watch
2023-09-12 19:54:00,0.255,Lesley’s Apple Watch
2023-09-12 19:55:00,0.103,Lesley’s Apple Watch
2023-09-12 19:56:00,0.251,Lesley’s Apple Watch
2023-09-12 19:57:00,0.037,Lesley’s Apple Watch
2023-09-12 19:59:00,0.28,Lesley’s Apple Watch
2023-09-12 20:00:00,0.244,Lesley’s Apple Watch
2023-09-12 20:01:00,0.209,Lesley’s Apple Watch
2023-09-12 20:02:00,0.148,Lesley’s Apple Watch
2023-09-12 20:03:00,0.349,Lesley’s Apple Watch
2023-09-12 20:04:00,0.009,Lesley’s Apple Watch
2023-09-12 20:05:00,0.042,Lesley’s Apple Watch
2023-09-12 20:06:00,0.674,Lesley’s Apple Watch
2023-09-12 20:07:00,0.979,Lesley’s Apple Watch
2023-09-12 20:08:00,0.746,Lesley’s Apple Watch
2023-09-12 20:09:00,0.223,Lesley’s Apple Watch
2023-09-12 20:10:00,0.113,Lesley’s Apple Watch
2023-09-12 20:11:00,0.06,Lesley’s Apple Watch
2023-09-12 20:12:00,0.307,Lesley’s Apple Watch
2023-09-12 20:13:00,0.314,Lesley’s Apple Watch
2023-09-12 20:14:00,0.429,Lesley’s Apple Watch
2023-09-12 20:15:00,0.32,Lesley’s Apple Watch
2023-09-12 20:16:00,0.213,Lesley’s Apple Watch
2023-09-12 20:17:00,0.216,Lesley’s Apple Watch
2023-09-12 20:18:00,0.382,Lesley’s Apple Watch
2023-09-12 20:19:00,0.407,Lesley’s Apple Watch
2023-09-12 20:20:00,0.174,Lesley’s Apple Watch
2023-09-12 20:21:00,0.353,Lesley’s Apple Watch
2023-09-12 20:22:00,0.336,Lesley’s Apple Watch
2023-09-12 20:23:00,0.263,Lesley’s Apple Watch
2023-09-12 20:24:00,0.297,Lesley’s Apple Watch
2023-09-12 20:25:00,0.31,Lesley’s Apple Watch
2023-09-12 20:26:00,0.31,Lesley’s Apple Watch
2023-09-12 20:27:00,0.31,Lesley’s Apple Watch
2023-09-12 20:28:00,0.31,Lesley’s Apple Watch
2023-09-12 20:29:00,1.03,Lesley’s Apple Watch
2023-09-12 20:30:00,1.56,Lesley’s Apple Watch
2023-09-12 20:31:00,1.43,Lesley’s Apple Watch
2023-09-12 20:32:00,0.213,Lesley’s Apple Watch
2023-09-12 20:33:00,3.11,Lesley’s Apple Watch
2023-09-12 20:34:00,1.27,Lesley’s Apple Watch
2023-09-12 20:35:00,1.25,Lesley’s Apple Watch
2023-09-12 20:36:00,0.309,Lesley’s Apple Watch
2023-09-12 20:37:00,0.357,Lesley’s Apple Watch
2023-09-12 20:38:00,0.972,Lesley’s Apple Watch
2023-09-12 20:39:00,0.421,Lesley’s Apple Watch
2023-09-12 20:40:00,0.196,Lesley’s Apple Watch
2023-09-12 20:41:00,0.098,Lesley’s Apple Watch
2023-09-12 20:42:00,0.244,Lesley’s Apple Watch
2023-09-12 20:43:00,0.091,Lesley’s Apple Watch
